Philadelphia 76ers,49,23,113.6,Danny Green,SF,6-6,215,June 22 1987,28.0,.412,.405,.438,.775,3.8,1.7,1.3,0.8,1.0,1.8,9.5,Dwight Howard,C,6-10,265,December 8 1985,17.3,.587,.250,.611,.576,8.4,0.9,0.4,0.9,1.6,2.9,7.0,Matisse Thybulle,SG,6-5,201,March 4 1997,20.0,.420,.301,.590,.444,1.9,1.0,1.6,1.1,0.5,2.0,3.9,Shake Milton,SG,6-5,205,September 26 1996,23.2,.450,.350,.494,.830,2.3,3.1,0.6,0.3,1.6,2.1,13.0,Tobias Harris,PF,6-8,226,July 15 1992,32.5,.512,.394,.546,.892,6.8,3.5,0.9,0.8,1.7,1.9,19.5,Tyrese Maxey,SG,6-2,200,November 4 2000,15.3,.462,.301,.512,.871,1.7,2.0,0.4,0.2,0.7,1.3,8.0,Ben Simmons,PG,6-11,240,July 20 1996,32.4,.557,.300,.562,.613,7.2,6.9,1.6,0.6,3.0,2.9,14.3,Seth Curry,SG,6-2,185,August 23 1990,28.7,.467,.450,.485,.896,2.4,2.7,0.8,0.1,1.1,1.7,12.5,Furkan Korkmaz,SG,6-7,202,July 24 1997,19.3,.401,.375,.445,.732,2.1,1.5,0.9,0.2,0.8,1.2,9.1,Joel Embiid,C,7-0,280,March 16 1994,31.1,.513,.377,.541,.859,10.6,2.8,1.0,1.4,3.1,2.4,28.5,Mike Scott,PF,6-7,237,July 16 1988,16.7,.360,.342,.411,.667,2.4,0.8,0.5,0.3,0.4,1.4,4.2,Isaiah Joe,SG,6-4,165,July 2 1999,9.3,.361,.368,.333,.750,0.9,0.5,0.3,0.1,0.3,0.8,3.7,Paul Reed,PF,6-9,210,June 14 1999,6.8,.538,.000,.583,.500,2.3,0.5,0.4,0.5,0.5,1.1,3.4,George Hill,PG,6-4,188,May 4 1986,22.4,.482,.388,.547,.800,2.0,2.4,0.8,0.2,1.0,1.0,8.7,Rayjon Tucker,PG,6-3,209,September 24 1997,4.9,.500,.286,.636,.737,0.8,0.4,0.1,0.0,0.3,0.6,2.4,Anthony Tolliver,PF,6-8,240,June 1 1985,9.0,.235,.286,.000,.833,0.9,0.2,0.3,0.2,0.3,0.6,1.5,Gary Clark,PF,6-6,225,November 16 1994,16.8,.303,.287,.375,.800,2.9,0.8,0.3,0.2,0.4,0.9,3.1,,,,,,,,,,,,,,,,,,,,,,,,,,,,,,,,,,,,,,,,,,,,,,,,,,,,,,,,,,,,,,,,,,,,,,,,,,,,,,,,,,,,,,,,,,,,,,,,,,,,,,,,,,,,,,,,,,,,,,,,,,,,,,,,,,,,,,,,,,,,,,,,,,,,,,,,,,,,,,,,,,,,,,,,,,,,,,,,,,,,,,,,,,,,,,,,,,,,,,,,,,,,,,,
Brooklyn Nets,48,24,118.6,Joe Harris,SF,6-6,220,September 6 1991,31.0,.505,<strong>.475</strong>,.555,.778,3.6,1.9,0.7,0.2,0.9,2.0,14.1,Jeff Green,C,6-8,235,August 28 1986,27.0,.492,.412,.564,.776,3.9,1.6,0.5,0.4,0.8,1.8,11.0,Bruce Brown,PG,6-4,202,August 15 1996,22.3,.556,.288,.599,.735,5.4,1.6,0.9,0.4,0.8,2.2,8.8,Landry Shamet,SG,6-4,190,March 13 1997,23.0,.408,.387,.463,.846,1.8,1.6,0.5,0.2,0.8,1.5,9.3,Timothé Luwawu-Cabarrot,SF,6-7,220,May 9 1995,18.1,.365,.314,.470,.814,2.2,1.2,0.6,0.1,0.7,1.7,6.4,DeAndre Jordan,C,6-11,265,July 21 1988,21.9,.763,.000,.766,.500,7.5,1.6,0.3,1.1,1.5,2.0,7.5,Kyrie Irving,PG,6-2,195,March 23 1992,34.9,.506,.402,.561,.922,4.8,6.0,1.4,0.7,2.4,2.6,26.9,Tyler Johnson,SG,6-3,186,May 7 1992,17.5,.393,.364,.471,.857,2.0,1.2,0.4,0.0,0.4,1.1,5.4,James Harden,PG,6-5,220,August 26 1989,36.6,.466,.362,.553,.861,7.9,10.8,1.2,0.8,4.0,2.3,24.6,Kevin Durant,PF,6-10,240,September 29 1988,33.1,.537,.450,.577,.882,7.1,5.6,0.7,1.3,3.4,2.0,26.9,Nicolas Claxton,C,6-11,215,April 17 1999,18.6,.621,.200,.636,.484,5.2,0.9,0.7,1.3,0.6,2.1,6.6,Blake Griffin,PF,6-10,250,March 16 1989,25.8,.423,.341,.505,.744,4.9,3.0,0.7,0.3,1.3,2.4,11.0,Reggie Perry,PF,6-8,250,March 21 2000,8.1,.410,.190,.491,.769,2.8,0.5,0.2,0.2,0.6,1.5,3.0,Chris Chiozza,PG,5-11,175,November 21 1995,10.5,.352,.310,.391,.765,1.1,3.0,0.3,0.3,0.7,0.9,4.0,Alize Johnson,PF,6-7,212,April 22 1996,10.5,.588,.167,.629,1.000,5.0,0.8,0.3,0.3,0.5,0.9,5.2,Mike James,PG,6-1,189,August 18 1990,18.2,.370,.355,.377,.778,2.5,4.2,0.5,0.1,1.5,0.8,7.7,Spencer Dinwiddie,SG,6-5,215,April 6 1993,21.3,.375,.286,.444,1.000,4.3,3.0,0.7,0.3,1.7,1.3,6.7,,,,,,,,,,,,,,,,,,,,,,,,,,,,,,,,,,,,,,,,,,,,,,,,,,,,,,,,,,,,,,,,,,,,,,,,,,,,,,,,,,,,,,,,,,,,,,,,,,,,,,,,,,,,,,,,,,,,,,,,,,,,,,,,,,,,,,,,,,,,,,,,,,,,,,,,,,,,,,,,,,,,,,,,,,,,,,,,,,,,,,,,,,,,,,,,,,,,,,,,,,,,,,,
Milwaukee Bucks,46,26,120.1,Brook Lopez,C,7-0,282,April 1 1988,27.2,.503,.338,.632,.845,5.0,0.7,0.6,1.5,0.9,2.1,12.3,Bryn Forbes,SG,6-2,205,July 23 1993,19.3,.473,.452,.511,.770,1.6,0.6,0.3,0.0,0.6,1.1,10.0,Pat Connaughton,SG,6-5,209,January 6 1993,22.8,.434,.371,.583,.775,4.8,1.2,0.7,0.3,0.5,1.4,6.8,Khris Middleton,SF,6-7,222,August 12 1991,33.4,.476,.414,.508,.898,6.0,5.4,1.1,0.1,2.6,2.4,20.4,Bobby Portis,C,6-10,250,February 10 1995,20.8,.523,.471,.542,.740,7.1,1.1,0.8,0.4,0.8,1.7,11.4,Donte DiVincenzo,SG,6-4,203,January 31 1997,27.5,.420,.379,.475,.718,5.8,3.1,1.1,0.2,1.4,1.7,10.4,Giannis Antetokounmpo,PF,6-11,242,December 6 1994,33.0,.569,.303,.636,.685,11.0,5.9,1.2,1.2,3.4,2.8,28.1,Jrue Holiday,PG,6-3,205,June 12 1990,32.3,.503,.392,.561,.787,4.5,6.1,1.6,0.6,2.2,1.7,17.7,Thanasis Antetokounmpo,SF,6-6,219,July 18 1992,9.7,.489,.241,.556,.510,2.2,0.8,0.4,0.2,0.8,1.3,2.9,Jordan Nwora,SF,6-8,225,September 9 1998,9.1,.459,.452,.466,.760,2.0,0.2,0.5,0.2,0.8,0.7,5.7,Sam Merrill,SG,6-4,205,May 15 1996,7.8,.444,.447,.440,1.000,1.0,0.7,0.3,0.0,0.3,0.6,3.0,Jeff Teague,PG,6-3,195,June 10 1988,17.3,.433,.439,.431,.848,1.6,2.4,0.6,0.2,1.2,1.0,6.7,P.J. Tucker,PF,6-5,245,May 5 1985,26.1,.373,.336,.448,.750,3.9,1.2,0.8,0.4,0.8,2.4,3.7,Mamadi Diakite,PF,6-9,228,January 21 1997,10.1,.400,.125,.469,.786,2.4,0.6,0.5,0.4,0.2,1.1,3.1,Axel Toupane,SF,6-7,197,July 23 1992,7.6,.364,.500,.333,.714,0.8,0.5,0.3,0.4,0.0,0.8,1.8,Elijah Bryant,SG,6-5,210,April 19 1995,32.0,.462,.200,.625,1.000,6.0,3.0,0.0,1.0,4.0,4.0,16.0,Justin Jackson,SF,6-8,220,March 28 1995,17.0,.403,.308,.510,.838,2.3,1.5,0.4,0.1,0.9,0.9,7.2,,,,,,,,,,,,,,,,,,,,,,,,,,,,,,,,,,,,,,,,,,,,,,,,,,,,,,,,,,,,,,,,,,,,,,,,,,,,,,,,,,,,,,,,,,,,,,,,,,,,,,,,,,,,,,,,,,,,,,,,,,,,,,,,,,,,,,,,,,,,,,,,,,,,,,,,,,,,,,,,,,,,,,,,,,,,,,,,,,,,,,,,,,,,,,,,,,,,,,,,,,,,,,,
New York Knicks,41,31,107.0,RJ Barrett,SG,6-6,214,June 14 2000,34.9,.441,.401,.457,.746,5.8,3.0,0.7,0.3,1.9,2.6,17.6,Julius Randle,PF,6-8,250,November 29 1994,<strong>37.6</strong>,.456,.411,.474,.811,10.2,6.0,0.9,0.3,3.4,3.2,24.1,Reggie Bullock,SF,6-6,205,March 16 1991,30.0,.442,.410,.521,.909,3.4,1.5,0.8,0.2,0.7,2.2,10.9,Immanuel Quickley,PG,6-3,190,June 17 1999,19.4,.395,.389,.401,.891,2.1,2.0,0.5,0.2,0.9,1.8,11.4,Nerlens Noel,C,6-11,220,April 10 1994,24.2,.614,.000,.623,.714,6.4,0.7,1.1,2.2,1.0,2.8,5.1,Elfrid Payton,PG,6-3,195,February 22 1994,23.6,.432,.286,.460,.682,3.4,3.2,0.7,0.1,1.6,1.8,10.1,Obi Toppin,PF,6-9,220,March 4 1998,11.0,.498,.306,.629,.731,2.2,0.5,0.3,0.2,0.4,0.9,4.1,Alec Burks,SG,6-6,214,July 20 1991,25.6,.420,.415,.425,.856,4.6,2.2,0.6,0.3,1.0,2.1,12.7,Taj Gibson,PF,6-9,232,June 24 1985,20.8,.627,.200,.671,.727,5.6,0.8,0.7,1.1,0.5,2.2,5.4,Kevin Knox,SF,6-7,215,August 11 1999,11.0,.392,.393,.389,.800,1.5,0.5,0.3,0.1,0.4,0.9,3.9,Derrick Rose,PG,6-2,200,October 4 1988,25.6,.470,.388,.492,.866,2.6,4.2,1.0,0.4,1.6,1.1,14.7,Frank Ntilikina,PG,6-4,200,July 28 1998,9.8,.367,.479,.194,.444,0.9,0.6,0.5,0.1,0.3,1.4,2.7,Mitchell Robinson,C,7-0,240,April 1 1998,27.5,.653,,.653,.491,8.1,0.5,1.1,1.5,0.8,2.8,8.3,Theo Pinson,SG,6-5,212,November 5 1995,2.0,.111,.000,1.000,,0.3,0.1,0.0,0.0,0.1,0.2,0.1,Norvel Pelle,C,6-10,231,February 3 1993,6.5,.533,,.533,.667,1.5,0.2,0.1,0.7,0.2,1.1,1.5,Luca Vildoza,G,6-3,190,August 11 1995,,,,,,,,,,,,,,,,,,,,,,,,,,,,,,,,,,,,,,,,,,,,,,,,,,,,,,,,,,,,,,,,,,,,,,,,,,,,,,,,,,,,,,,,,,,,,,,,,,,,,,,,,,,,,,,,,,,,,,,,,,,,,,,,,,,,,,,,,,,,,,,,,,,,,,,,,,,,,,,,,,,,,,,,,,,,,,,,,,,,,,,,,,,,,,,,,,,,,,,,,,,,,,,,,,,,,,,,,,,,,,,,,,,,,,,,,,,,
Atlanta Hawks,41,31,113.7,Solomon Hill,PF,6-6,226,March 18 1991,21.3,.359,.321,.453,.761,3.0,1.1,0.7,0.2,0.6,1.6,4.5,Kevin Huerter,SG,6-7,190,August 27 1998,30.8,.432,.363,.510,.781,3.3,3.5,1.2,0.3,1.1,2.4,11.9,Trae Young,PG,6-1,180,September 19 1998,33.7,.438,.343,.491,.886,3.9,9.4,0.8,0.2,4.1,1.8,25.3,John Collins,PF,6-9,235,September 23 1997,29.3,.556,.399,.615,.833,7.4,1.2,0.5,1.0,1.3,3.1,17.6,Clint Capela,C,6-10,240,May 18 1994,30.1,.594,,.594,.573,<strong>14.3</strong>,0.8,0.7,2.0,1.2,2.3,15.2,Danilo Gallinari,PF,6-10,233,August 8 1988,24.0,.434,.406,.466,.925,4.1,1.5,0.6,0.2,0.8,2.1,13.3,Onyeka Okongwu,C,6-8,235,December 11 2000,12.0,.644,.000,.658,.632,3.3,0.4,0.5,0.7,0.6,2.0,4.6,Tony Snell,SG,6-6,213,November 10 1991,21.1,.515,.569,.419,1.000,2.4,1.3,0.3,0.2,0.4,1.6,5.3,Brandon Goodwin,PG,6-0,180,October 2 1995,13.2,.377,.311,.433,.651,1.5,2.0,0.4,0.0,0.8,0.9,4.9,Bogdan Bogdanović,SG,6-6,220,August 18 1992,29.7,.473,.438,.522,.909,3.6,3.3,1.1,0.3,1.2,2.3,16.4,Nathan Knight,PF,6-10,253,September 20 1997,8.5,.370,.182,.463,.800,2.2,0.2,0.3,0.3,0.5,0.7,3.8,Skylar Mays,SG,6-4,205,September 5 1997,8.2,.449,.350,.517,.880,1.1,0.9,0.4,0.1,0.3,0.5,3.8,Bruno Fernando,C,6-9,240,August 15 1998,6.8,.409,.000,.429,.682,2.4,0.3,0.1,0.1,0.6,0.7,1.5,Cam Reddish,SF,6-8,218,September 1 1999,28.8,.365,.262,.460,.817,4.0,1.3,1.3,0.3,1.3,2.6,11.2,Lou Williams,PG,6-1,175,October 27 1986,21.6,.410,.399,.414,.867,2.1,3.4,0.7,0.1,1.6,0.9,11.3,De'Andre Hunter,SF,6-8,225,December 2 1997,29.5,.484,.326,.582,.859,4.8,1.9,0.8,0.5,1.3,2.6,15.0,Kris Dunn,PG,6-3,205,March 18 1994,11.3,.083,.000,.100,.750,1.5,0.5,0.5,0.5,0.8,2.5,1.3,,,,,,,,,,,,,,,,,,,,,,,,,,,,,,,,,,,,,,,,,,,,,,,,,,,,,,,,,,,,,,,,,,,,,,,,,,,,,,,,,,,,,,,,,,,,,,,,,,,,,,,,,,,,,,,,,,,,,,,,,,,,,,,,,,,,,,,,,,,,,,,,,,,,,,,,,,,,,,,,,,,,,,,,,,,,,,,,,,,,,,,,,,,,,,,,,,,,,,,,,,,,,,,
Miami Heat,40,32,108.1,Duncan Robinson,SF,6-7,215,April 22 1994,31.4,.439,.408,.625,.827,3.5,1.8,0.6,0.3,1.1,2.5,13.1,Bam Adebayo,C,6-9,255,July 18 1997,33.5,.570,.250,.573,.799,9.0,5.4,1.2,1.0,2.6,2.3,18.7,Andre Iguodala,SF,6-6,215,January 28 1984,21.3,.383,.330,.530,.658,3.5,2.3,0.9,0.6,1.1,1.4,4.4,Precious Achiuwa,PF,6-8,225,September 19 1999,12.1,.544,.000,.546,.509,3.4,0.5,0.3,0.5,0.7,1.5,5.0,Kendrick Nunn,PG,6-2,190,August 3 1995,29.5,.485,.381,.583,.933,3.2,2.6,0.9,0.3,1.4,1.9,14.6,Tyler Herro,SG,6-5,195,January 20 2000,30.3,.439,.360,.498,.803,5.0,3.4,0.6,0.3,1.9,1.3,15.1,Jimmy Butler,SF,6-7,230,September 14 1989,33.6,.497,.245,.538,.863,6.9,7.1,<strong>2.1</strong>,0.3,2.1,1.4,21.5,Goran Dragić,PG,6-3,190,May 6 1986,26.7,.432,.373,.479,.828,3.4,4.4,0.7,0.2,2.4,2.3,13.4,Gabe Vincent,PG,6-3,200,June 14 1996,13.1,.378,.309,.500,.870,1.1,1.3,0.4,0.0,0.7,1.6,4.8,Max Strus,SF,6-5,215,March 28 1996,13.0,.455,.338,.897,.667,1.1,0.6,0.3,0.1,0.2,1.1,6.1,KZ Okpala,PF,6-8,215,April 28 1999,12.1,.375,.240,.522,.533,1.8,0.5,0.3,0.3,0.4,1.6,2.5,Trevor Ariza,SF,6-8,215,June 30 1985,28.0,.411,.350,.500,.773,4.8,1.8,1.0,0.6,0.7,1.8,9.4,Dewayne Dedmon,C,7-0,245,August 12 1989,13.1,.708,.200,.750,.741,5.4,0.8,0.6,0.4,0.8,2.3,7.1,Nemanja Bjelica,PF,6-10,234,May 9 1988,16.1,.454,.318,.559,.725,3.4,1.9,0.4,0.1,0.9,1.8,6.5,Victor Oladipo,SG,6-4,213,May 4 1992,32.7,.408,.326,.466,.754,4.8,4.6,1.4,0.4,2.5,2.5,19.8,Udonis Haslem,C,6-8,235,June 9 1980,3.0,1.000,,1.000,,1.0,0.0,0.0,0.0,0.0,0.0,4.0,Omer Yurtseven,C,7-0,264,June 19 1998,,,,,,,,,,,,,,,,,,,,,,,,,,,,,,,,,,,,,,,,,,,,,,,,,,,,,,,,,,,,,,,,,,,,,,,,,,,,,,,,,,,,,,,,,,,,,,,,,,,,,,,,,,,,,,,,,,,,,,,,,,,,,,,,,,,,,,,,,,,,,,,,,,,,,,,,,,,,,,,,,,,,,,,,,,,,,,,,,,,,,,,,,,,,,,,,,,,,,,,,,,,,,,,,,,,,,,,,,,,
Boston Celtics,36,36,112.6,Payton Pritchard,SG,6-1,195,January 28 1998,19.2,.440,.411,.482,.889,2.4,1.8,0.6,0.1,0.8,1.6,7.7,Jayson Tatum,SF,6-8,210,March 3 1998,35.8,.459,.386,.502,.868,7.4,4.3,1.2,0.5,2.7,1.9,26.4,Grant Williams,PF,6-6,236,November 30 1998,18.1,.437,.372,.508,.588,2.8,1.0,0.5,0.4,0.9,2.6,4.7,Jaylen Brown,SG,6-6,223,October 24 1996,34.5,.484,.397,.536,.764,6.0,3.4,1.2,0.6,2.7,2.9,24.7,Semi Ojeleye,PF,6-6,240,December 5 1994,17.0,.403,.367,.492,.750,2.6,0.7,0.3,0.0,0.4,1.0,4.6,Tristan Thompson,PF,6-9,254,March 13 1991,23.8,.518,.000,.523,.592,8.1,1.2,0.4,0.6,1.1,2.2,7.6,Robert Williams,C,6-8,237,October 17 1997,18.9,.721,.000,.727,.616,6.9,1.8,0.8,1.8,1.0,2.0,8.0,Marcus Smart,PG,6-3,220,March 6 1994,32.9,.398,.330,.482,.790,3.5,5.7,1.5,0.5,2.0,2.6,13.1,Aaron Nesmith,SF,6-5,215,October 16 1999,14.5,.438,.370,.543,.786,2.8,0.5,0.3,0.2,0.5,1.9,4.7,Kemba Walker,PG,6-0,184,May 8 1990,31.8,.420,.360,.486,.899,4.0,4.9,1.1,0.3,2.0,1.4,19.3,Carsen Edwards,SG,5-11,200,March 12 1998,8.9,.423,.286,.604,.846,0.8,0.5,0.2,0.0,0.2,0.8,4.0,Tremont Waters,PG,5-10,175,January 10 1998,9.2,.405,.395,.413,.941,0.8,2.4,0.6,0.0,1.0,0.7,3.8,Tacko Fall,C,7-5,311,December 10 1995,7.2,.724,,.724,.333,2.7,0.2,0.1,1.1,0.3,1.2,2.5,Luke Kornet,C,7-2,250,July 15 1995,11.2,.436,.254,.690,.500,2.2,0.8,0.1,1.0,0.2,0.6,3.4,Romeo Langford,SG,6-4,216,October 25 1999,15.7,.356,.278,.390,.750,1.9,0.7,0.3,0.3,0.6,1.3,3.1,Evan Fournier,SG,6-7,205,October 29 1992,30.0,.457,.413,.504,.788,3.0,3.4,1.1,0.5,1.7,2.3,17.1,Jabari Parker,PF,6-8,245,March 15 1995,12.7,.545,.182,.636,.769,3.2,0.8,0.1,0.4,0.8,1.0,5.5,,,,,,,,,,,,,,,,,,,,,,,,,,,,,,,,,,,,,,,,,,,,,,,,,,,,,,,,,,,,,,,,,,,,,,,,,,,,,,,,,,,,,,,,,,,,,,,,,,,,,,,,,,,,,,,,,,,,,,,,,,,,,,,,,,,,,,,,,,,,,,,,,,,,,,,,,,,,,,,,,,,,,,,,,,,,,,,,,,,,,,,,,,,,,,,,,,,,,,,,,,,,,,,
Washington Wizards,34,38,116.6,Robin Lopez,C,7-0,281,April 1 1988,19.1,.633,.278,.649,.723,3.8,0.8,0.2,0.6,1.1,1.5,9.0,Russell Westbrook,PG,6-3,200,November 12 1988,36.4,.439,.315,.475,.656,11.5,<strong>11.7</strong>,1.4,0.4,4.8,2.9,22.2,Raul Neto,PG,6-1,180,May 19 1992,21.9,.468,.390,.512,.882,2.4,2.3,1.1,0.1,0.8,1.7,8.7,Garrison Mathews,SG,6-5,215,October 24 1996,16.2,.409,.384,.538,.884,1.4,0.4,0.5,0.1,0.2,1.7,5.5,Bradley Beal,SG,6-3,207,June 28 1993,35.8,.485,.349,.535,.889,4.7,4.4,1.2,0.4,3.1,2.3,31.3,Rui Hachimura,PF,6-8,230,February 8 1998,31.5,.478,.328,.519,.770,5.5,1.4,0.8,0.1,1.2,2.1,13.8,Dāvis Bertāns,PF,6-10,225,November 12 1992,25.7,.404,.395,.480,.870,2.9,0.9,0.6,0.2,0.6,2.4,11.5,Alex Len,C,7-0,250,June 16 1993,15.3,.615,.320,.644,.629,4.1,0.8,0.3,1.0,0.9,2.0,6.6,Deni Avdija,SF,6-9,210,January 3 2001,23.3,.417,.315,.535,.644,4.9,1.2,0.6,0.3,0.6,2.6,6.3,Ish Smith,PG,6-0,175,July 5 1988,21.0,.434,.367,.448,.576,3.4,3.9,0.7,0.3,0.9,1.4,6.7,Isaac Bonga,SF,6-8,180,November 8 1999,10.8,.370,.277,.500,.625,1.7,0.6,0.3,0.2,0.6,1.6,2.0,Anthony Gill,PF,6-7,230,October 17 1992,8.4,.500,.292,.639,.813,2.0,0.4,0.4,0.2,0.3,1.0,3.1,Daniel Gafford,C,6-10,234,October 1 1998,14.6,.684,,.684,.667,4.3,0.5,0.5,1.4,0.8,1.8,7.0,Cassius Winston,PG,6-1,185,February 28 1998,4.5,.424,.471,.375,.833,0.4,0.5,0.1,0.0,0.2,0.4,1.9,Chandler Hutchison,SF,6-6,210,April 26 1996,13.8,.379,.364,.383,.840,3.1,0.7,0.5,0.2,0.8,1.3,4.3,Thomas Bryant,C,6-10,248,July 31 1997,27.1,.648,.429,.714,.667,6.1,1.5,0.4,0.8,1.1,3.1,14.3,Caleb Homesley,G,6-6,205,November 27 1996,,,,,,,,,,,,,,,,,,,,,,,,,,,,,,,,,,,,,,,,,,,,,,,,,,,,,,,,,,,,,,,,,,,,,,,,,,,,,,,,,,,,,,,,,,,,,,,,,,,,,,,,,,,,,,,,,,,,,,,,,,,,,,,,,,,,,,,,,,,,,,,,,,,,,,,,,,,,,,,,,,,,,,,,,,,,,,,,,,,,,,,,,,,,,,,,,,,,,,,,,,,,,,,,,,,,,,,,,,,
Indiana Pacers,34,38,115.3,Justin Holiday,SG,6-6,180,April 5 1989,30.3,.413,.382,.494,.788,3.6,1.7,1.0,0.6,0.8,1.9,10.5,T.J. McConnell,PG,6-1,190,March 25 1992,26.0,.559,.313,.586,.688,3.7,6.6,1.9,0.3,2.0,1.6,8.6,Doug McDermott,PF,6-7,225,January 3 1992,24.5,.532,.388,.641,.816,3.3,1.3,0.3,0.1,0.8,1.8,13.6,Aaron Holiday,PG,6-0,185,September 30 1996,17.8,.390,.368,.406,.819,1.3,1.9,0.7,0.2,1.0,1.4,7.2,Domantas Sabonis,PF,6-11,240,May 3 1996,36.0,.535,.321,.582,.732,12.0,6.7,1.2,0.5,3.4,3.3,20.3,Malcolm Brogdon,PG,6-5,229,December 11 1992,34.5,.453,.388,.493,.864,5.3,5.9,0.9,0.3,2.1,2.0,21.2,Edmond Sumner,SG,6-4,196,December 31 1995,16.2,.525,.398,.582,.819,1.8,0.9,0.6,0.2,1.0,1.7,7.5,Myles Turner,C,6-11,250,March 24 1996,31.0,.477,.335,.606,.782,6.5,1.0,0.9,<strong>3.4</strong>,1.4,3.5,12.6,Goga Bitadze,C,6-11,250,July 20 1999,12.5,.428,.253,.548,.738,3.3,0.8,0.2,1.3,0.4,2.1,5.1,Jeremy Lamb,SG,6-5,180,May 30 1992,21.3,.435,.406,.459,.947,3.6,1.5,0.9,0.6,0.6,2.0,10.1,Caris LeVert,SG,6-6,205,August 25 1994,31.6,.441,.326,.495,.811,4.6,5.2,1.4,0.6,2.2,2.2,20.2,Kelan Martin,SF,6-5,230,August 3 1995,9.2,.449,.400,.487,.900,2.2,0.5,0.3,0.3,0.5,1.0,4.5,JaKarr Sampson,PF,6-7,214,March 20 1993,10.9,.496,.200,.541,.655,2.7,0.1,0.1,0.5,0.5,1.8,4.6,Cassius Stanley,SG,6-5,190,August 18 1999,3.9,.302,.231,.333,.778,0.8,0.0,0.0,0.1,0.0,0.6,1.5,Oshae Brissett,SF,6-7,210,June 20 1998,24.7,.483,.423,.548,.769,5.5,0.9,0.9,1.0,0.5,1.5,10.9,Amida Brimah,C,6-10,230,February 11 1994,5.8,.625,,.625,1.000,1.6,0.2,0.0,1.0,0.8,0.8,2.6,T.J. Warren,SF,6-8,220,September 5 1993,29.3,.529,.000,.614,.800,3.5,1.3,0.5,0.0,1.0,4.0,15.5,,,,,,,,,,,,,,,,,,,,,,,,,,,,,,,,,,,,,,,,,,,,,,,,,,,,,,,,,,,,,,,,,,,,,,,,,,,,,,,,,,,,,,,,,,,,,,,,,,,,,,,,,,,,,,,,,,,,,,,,,,,,,,,,,,,,,,,,,,,,,,,,,,,,,,,,,,,,,,,,,,,,,,,,,,,,,,,,,,,,,,,,,,,,,,,,,,,,,,,,,,,,,,,
Charlotte Hornets,33,39,109.5,Terry Rozier,SG,6-1,190,March 17 1994,34.5,.450,.389,.512,.817,4.4,4.2,1.3,0.4,1.9,1.7,20.4,Miles Bridges,PF,6-6,225,March 21 1998,29.3,.503,.400,.593,.867,6.0,2.2,0.7,0.8,1.6,2.2,12.7,Bismack Biyombo,C,6-8,255,August 28 1992,20.4,.587,.000,.589,.448,5.3,1.2,0.3,1.1,1.1,2.1,5.0,P.J. Washington,PF,6-7,230,August 23 1998,30.5,.440,.386,.480,.745,6.5,2.5,1.1,1.2,2.0,2.7,12.9,Devonte' Graham,PG,6-1,195,February 22 1995,30.2,.377,.375,.380,.842,2.7,5.4,0.9,0.1,1.5,1.4,14.8,Caleb Martin,SF,6-5,205,September 28 1995,15.4,.375,.248,.496,.641,2.7,1.3,0.7,0.2,0.6,1.2,5.0,Cody Martin,SF,6-5,205,September 28 1995,16.3,.441,.276,.515,.581,3.1,1.7,0.7,0.2,0.8,1.0,4.0,LaMelo Ball,PG,6-6,180,August 22 2001,28.8,.436,.352,.489,.758,5.9,6.1,1.6,0.4,2.8,2.7,15.7,Cody Zeller,C,6-11,240,October 5 1992,20.9,.559,.143,.598,.714,6.8,1.8,0.6,0.4,1.1,2.5,9.4,Jalen McDaniels,SF,6-9,205,January 31 1998,19.2,.468,.333,.547,.703,3.6,1.1,0.6,0.4,1.0,2.0,7.4,Gordon Hayward,SF,6-7,225,March 23 1990,34.0,.473,.415,.499,.843,5.9,4.1,1.2,0.3,2.1,1.7,19.6,Malik Monk,SG,6-3,200,February 4 1998,20.9,.434,.401,.471,.819,2.4,2.1,0.5,0.1,1.3,1.1,11.7,Brad Wanamaker,PG,6-3,210,July 25 1989,17.3,.385,.188,.463,.891,1.7,2.9,0.7,0.2,1.2,1.5,5.5,Vernon Carey Jr.,C,6-9,270,February 25 2001,6.1,.500,.143,.586,.818,1.4,0.1,0.1,0.3,0.3,0.7,2.4,Nick Richards,PF,7-0,245,November 29 1997,3.5,.444,.000,.500,.636,0.6,0.1,0.0,0.0,0.2,0.4,0.8,Grant Riller,PG,6-2,190,February 8 1997,3.9,.667,.500,.750,,0.1,0.4,0.1,0.0,0.1,0.0,2.6,Nate Darling,SG,6-6,200,August 30 1998,3.7,.286,.286,,1.000,0.1,0.1,0.0,0.1,0.1,0.1,1.3,,,,,,,,,,,,,,,,,,,,,,,,,,,,,,,,,,,,,,,,,,,,,,,,,,,,,,,,,,,,,,,,,,,,,,,,,,,,,,,,,,,,,,,,,,,,,,,,,,,,,,,,,,,,,,,,,,,,,,,,,,,,,,,,,,,,,,,,,,,,,,,,,,,,,,,,,,,,,,,,,,,,,,,,,,,,,,,,,,,,,,,,,,,,,,,,,,,,,,,,,,,,,,,
Chicago Bulls,31,41,110.7,Patrick Williams,PF,6-7,215,August 26 2001,27.9,.483,.391,.515,.728,4.6,1.4,0.9,0.6,1.4,1.8,9.2,Coby White,PG,6-5,195,February 16 2000,31.2,.416,.359,.473,.901,4.1,4.8,0.6,0.2,2.3,2.6,15.1,Thaddeus Young,PF,6-8,235,June 21 1988,24.3,.559,.267,.580,.628,6.2,4.3,1.1,0.6,2.0,2.2,12.1,Denzel Valentine,SG,6-4,220,November 16 1993,16.7,.373,.331,.431,.941,3.2,1.7,0.5,0.1,0.7,1.1,6.5,Zach LaVine,SG,6-5,200,March 10 1995,35.1,.507,.419,.571,.849,5.0,4.9,0.8,0.5,3.5,2.4,27.4,Tomáš Satoranský,SG,6-7,210,October 30 1991,22.5,.514,.356,.602,.848,2.4,4.7,0.7,0.2,1.7,1.5,7.7,Garrett Temple,SG,6-5,195,May 8 1986,27.3,.415,.335,.503,.800,2.9,2.2,0.8,0.5,1.0,2.3,7.6,Lauri Markkanen,PF,7-0,240,May 22 1997,25.8,.480,.402,.582,.826,5.3,0.9,0.5,0.3,1.0,1.5,13.6,Ryan Arcidiacono,PG,6-3,195,March 26 1994,10.2,.419,.373,.480,.650,1.5,1.3,0.2,0.0,0.2,1.1,3.1,Nikola Vučević,C,6-11,260,October 24 1990,33.5,.477,.400,.513,.840,11.7,3.8,0.9,0.7,1.8,2.0,23.4,Daniel Theis,C,6-8,245,April 4 1992,24.6,.541,.322,.646,.673,5.5,1.7,0.6,0.9,1.0,2.6,9.6,Cristiano Felício,C,6-11,270,July 7 1992,4.7,.538,.000,.636,.563,1.4,0.5,0.2,0.0,0.2,0.6,1.3,Javonte Green,PG,6-4,205,July 23 1993,11.5,.520,.333,.597,.750,1.7,0.4,0.7,0.1,0.5,1.1,3.6,Adam Mokoka,SG,6-4,190,July 18 1998,4.0,.368,.100,.667,.000,0.4,0.4,0.1,0.1,0.4,0.4,1.1,Troy Brown Jr.,SF,6-6,215,July 28 1999,15.4,.431,.314,.541,.714,3.1,0.9,0.3,0.2,0.6,1.4,4.7,Devon Dotson,PG,6-2,185,August 2 1999,4.5,.524,.143,.714,,0.5,0.6,0.4,0.0,0.0,0.3,2.1,Al-Farouq Aminu,PF,6-8,220,September 21 1990,18.9,.384,.216,.484,.818,4.8,1.3,0.8,0.4,1.2,1.3,4.4,,,,,,,,,,,,,,,,,,,,,,,,,,,,,,,,,,,,,,,,,,,,,,,,,,,,,,,,,,,,,,,,,,,,,,,,,,,,,,,,,,,,,,,,,,,,,,,,,,,,,,,,,,,,,,,,,,,,,,,,,,,,,,,,,,,,,,,,,,,,,,,,,,,,,,,,,,,,,,,,,,,,,,,,,,,,,,,,,,,,,,,,,,,,,,,,,,,,,,,,,,,,,,,
Toronto Raptors,27,45,111.3,Stanley Johnson,PF,6-6,242,May 29 1996,16.5,.382,.328,.458,.800,2.5,1.5,0.9,0.3,0.9,1.9,4.4,Chris Boucher,C,6-9,200,January 11 1993,24.2,.514,.383,.609,.788,6.7,1.1,0.6,1.9,0.8,2.8,13.6,Pascal Siakam,PF,6-9,230,April 2 1994,35.8,.455,.297,.509,.827,7.2,4.5,1.1,0.7,2.3,3.1,21.4,Aron Baynes,C,6-10,260,December 9 1986,18.5,.441,.262,.532,.707,5.2,0.9,0.3,0.4,0.9,2.2,6.1,Fred VanVleet,SG,6-1,197,February 25 1994,36.5,.389,.366,.416,.885,4.2,6.3,1.7,0.7,1.8,2.3,19.6,DeAndre' Bembry,SF,6-5,210,July 4 1994,19.1,.513,.264,.589,.682,2.9,2.1,1.0,0.4,1.4,1.7,5.7,Yuta Watanabe,SF,6-9,215,October 13 1994,14.5,.439,.400,.478,.828,3.2,0.8,0.5,0.4,0.4,1.1,4.4,Malachi Flynn,PG,6-1,175,May 10 1998,19.7,.374,.321,.424,.804,2.5,2.9,0.8,0.1,0.9,1.4,7.5,Kyle Lowry,PG,6-0,196,March 25 1986,34.8,.436,.396,.487,.875,5.4,7.3,1.0,0.3,2.7,3.1,17.2,OG Anunoby,SF,6-7,232,July 17 1997,33.3,.480,.398,.562,.784,5.5,2.2,1.5,0.7,1.7,2.7,15.9,Paul Watson,SF,6-6,210,December 30 1994,11.0,.463,.469,.444,.625,1.7,0.6,0.2,0.1,0.3,1.3,4.1,Freddie Gillespie,PF,6-9,245,June 14 1997,19.6,.524,,.524,.697,4.9,0.5,0.7,1.0,0.6,2.2,5.6,Khem Birch,C,6-9,233,September 28 1992,22.8,.497,.250,.537,.705,5.8,1.3,0.7,0.7,0.7,1.7,7.2,Gary Trent Jr.,SG,6-5,209,January 18 1999,31.1,.408,.385,.435,.783,2.6,1.4,1.0,0.2,0.7,1.6,15.3,Rodney Hood,SF,6-8,208,October 20 1992,17.1,.362,.301,.408,.857,1.9,1.0,0.4,0.1,0.7,1.3,4.5,Jalen Harris,SG,6-5,195,August 14 1998,13.2,.500,.472,.528,.778,1.4,1.3,0.6,0.0,1.1,1.2,7.4,,,,,,,,,,,,,,,,,,,,,,,,,,,,,,,,,,,,,,,,,,,,,,,,,,,,,,,,,,,,,,,,,,,,,,,,,,,,,,,,,,,,,,,,,,,,,,,,,,,,,,,,,,,,,,,,,,,,,,,,,,,,,,,,,,,,,,,,,,,,,,,,,,,,,,,,,,,,,,,,,,,,,,,,,,,,,,,,,,,,,,,,,,,,,,,,,,,,,,,,,,,,,,,,,,,,,,,,,,,,,,,,
Cleveland Cavaliers,22,50,103.8,Isaac Okoro,SG,6-5,225,January 26 2001,32.4,.420,.290,.501,.726,3.1,1.9,0.9,0.4,1.3,2.8,9.6,Dean Wade,PF,6-9,228,November 20 1996,19.2,.431,.366,.571,.769,3.4,1.2,0.6,0.3,0.5,1.2,6.0,Collin Sexton,SG,6-1,190,January 4 1999,35.3,.475,.371,.508,.815,3.1,4.4,1.0,0.2,2.8,2.6,24.3,Cedi Osman,SF,6-7,230,April 8 1995,25.6,.374,.306,.458,.800,3.4,2.9,0.9,0.2,1.4,2.0,10.4,Darius Garland,PG,6-1,192,January 26 2000,33.1,.451,.395,.479,.848,2.4,6.1,1.2,0.1,3.0,2.0,17.4,Jarrett Allen,C,6-11,243,April 21 1998,29.6,.618,.316,.631,.703,10.0,1.7,0.5,1.4,1.6,1.5,12.8,Damyean Dotson,SG,6-5,210,May 6 1994,19.7,.406,.289,.545,.667,2.0,2.0,0.3,0.1,0.9,0.9,6.7,Lamar Stevens,PF,6-6,230,July 9 1997,12.5,.456,.160,.523,.725,2.4,0.6,0.4,0.3,0.6,1.3,4.1,Larry Nance Jr.,PF,6-7,245,January 1 1993,31.2,.471,.360,.551,.612,6.7,3.1,1.7,0.5,1.6,2.1,9.3,Dylan Windler,SF,6-6,196,September 22 1996,16.5,.438,.338,.585,.778,3.5,1.1,0.6,0.4,1.0,1.2,5.2,Taurean Prince,PF,6-7,218,March 22 1994,22.1,.401,.400,.401,.855,3.5,1.9,0.7,0.6,1.1,1.8,9.5,Brodric Thomas,SG,6-5,185,January 28 1997,12.5,.361,.271,.469,.674,1.7,0.9,0.5,0.3,0.7,1.3,3.9,Kevin Love,PF,6-8,251,September 7 1988,24.9,.409,.365,.479,.824,7.4,2.5,0.6,0.1,1.5,1.0,12.2,Isaiah Hartenstein,C,7-0,250,May 5 1998,12.2,.550,.333,.558,.648,3.9,1.2,0.4,0.8,1.0,2.3,5.1,Matthew Dellavedova,PG,6-3,200,September 8 1990,17.2,.250,.160,.323,1.000,1.8,4.5,0.3,0.1,0.5,1.6,2.8,Jeremiah Martin,PG,6-3,185,June 19 1996,8.3,.273,.250,.286,.200,0.8,0.4,0.6,0.2,0.7,0.1,2.4,,,,,,,,,,,,,,,,,,,,,,,,,,,,,,,,,,,,,,,,,,,,,,,,,,,,,,,,,,,,,,,,,,,,,,,,,,,,,,,,,,,,,,,,,,,,,,,,,,,,,,,,,,,,,,,,,,,,,,,,,,,,,,,,,,,,,,,,,,,,,,,,,,,,,,,,,,,,,,,,,,,,,,,,,,,,,,,,,,,,,,,,,,,,,,,,,,,,,,,,,,,,,,,,,,,,,,,,,,,,,,,,
Orlando Magic,21,51,104.0,Dwayne Bacon,SG,6-6,221,August 30 1995,25.7,.402,.285,.449,.824,3.1,1.3,0.6,0.1,0.6,1.4,10.9,Cole Anthony,PG,6-2,185,May 15 2000,27.1,.397,.337,.424,.832,4.7,4.1,0.6,0.4,2.3,2.1,12.9,Terrence Ross,SG,6-6,206,February 5 1991,29.3,.412,.337,.469,.870,3.4,2.3,1.0,0.5,1.6,1.9,15.6,Mo Bamba,C,7-0,231,May 12 1998,15.8,.472,.322,.568,.682,5.8,0.8,0.3,1.3,0.8,1.9,8.0,Chuma Okeke,PF,6-6,229,August 18 1998,25.2,.417,.348,.470,.750,4.0,2.2,1.1,0.5,0.8,1.1,7.8,James Ennis,SF,6-6,215,July 1 1990,24.0,.473,.433,.504,.805,4.0,1.5,0.8,0.2,0.9,2.0,8.4,Chasson Randle,PG,6-2,185,February 5 1993,20.4,.388,.338,.449,.792,2.0,1.8,0.5,0.1,1.1,1.6,6.5,Michael Carter-Williams,SG,6-5,190,October 10 1991,25.8,.389,.246,.431,.613,4.5,4.2,0.8,0.5,2.2,2.6,8.8,R.J. Hampton,SG,6-4,175,February 7 2001,17.4,.435,.310,.482,.671,3.5,1.7,0.4,0.2,1.0,1.2,6.9,Wendell Carter Jr.,C,6-10,270,April 16 1999,25.5,.503,.294,.530,.732,8.2,1.9,0.6,0.8,1.4,2.7,11.2,Gary Harris,SG,6-4,210,September 14 1994,27.7,.400,.340,.441,.821,2.0,2.0,0.7,0.3,0.9,1.8,9.9,Moritz Wagner,C,6-11,245,April 26 1997,16.0,.454,.341,.529,.816,3.2,1.1,0.6,0.4,1.0,2.4,6.9,Markelle Fultz,PG,6-3,209,May 29 1998,26.9,.394,.250,.420,.895,3.1,5.4,1.0,0.3,2.3,2.3,12.9,Ignas Brazdeikis,SF,6-6,221,January 8 1999,19.2,.422,.393,.436,.714,3.5,1.3,0.3,0.2,0.9,1.7,7.0,Sindarius Thornwell,SG,6-4,215,November 15 1994,10.3,.326,.304,.348,.500,0.9,1.0,0.6,0.1,0.3,0.7,2.0,Otto Porter,PF,6-8,198,June 3 1993,21.6,.432,.375,.480,.857,5.4,2.0,0.6,0.1,0.9,1.5,9.7,Jonathan Isaac,PF,6-11,230,October 3 1997,,,,,,,,,,,,,,,,,,,,,,,,,,,,,,,,,,,,,,,,,,,,,,,,,,,,,,,,,,,,,,,,,,,,,,,,,,,,,,,,,,,,,,,,,,,,,,,,,,,,,,,,,,,,,,,,,,,,,,,,,,,,,,,,,,,,,,,,,,,,,,,,,,,,,,,,,,,,,,,,,,,,,,,,,,,,,,,,,,,,,,,,,,,,,,,,,,,,,,,,,,,,,,,,,,,,,,,,,,,
Detroit Pistons,20,52,106.6,Saddiq Bey,SF,6-7,215,April 9 1999,27.3,.404,.380,.450,.844,4.5,1.4,0.7,0.2,0.9,1.6,12.2,Isaiah Stewart,C,6-8,250,May 22 2001,21.4,.553,.333,.592,.696,6.7,0.9,0.6,1.3,1.0,2.7,7.9,Josh Jackson,SG,6-8,207,February 10 1997,25.2,.419,.300,.487,.729,4.1,2.3,0.9,0.8,2.3,2.9,13.4,Mason Plumlee,C,6-11,254,March 5 1990,26.8,.614,.000,.626,.669,9.3,3.6,0.8,0.9,1.9,3.3,10.4,Sekou Doumbouya,PF,6-8,230,December 23 2000,15.5,.379,.226,.485,.703,2.6,0.8,0.4,0.2,0.8,1.7,5.1,Jerami Grant,SF,6-8,210,March 12 1994,33.9,.429,.350,.473,.845,4.6,2.8,0.6,1.1,2.0,2.3,22.3,Saben Lee,PG,6-2,183,June 23 1999,16.3,.471,.348,.487,.685,2.0,3.6,0.7,0.3,1.1,1.6,5.6,Wayne Ellington,SG,6-4,207,November 29 1987,22.0,.441,.422,.524,.800,1.8,1.5,0.4,0.2,0.7,1.3,9.6,Frank Jackson,PG,6-3,205,May 4 1998,18.5,.457,.407,.510,.813,2.2,0.9,0.4,0.0,0.9,1.3,9.8,Jahlil Okafor,C,6-10,270,December 15 1995,12.9,.618,.222,.656,.708,2.4,0.5,0.2,0.2,0.8,1.4,5.4,Killian Hayes,PG,6-5,195,July 27 2001,25.8,.353,.278,.395,.824,2.7,5.3,1.0,0.4,3.2,2.2,6.8,Hamidou Diallo,SF,6-5,202,July 31 1998,23.6,.477,.341,.505,.640,5.2,1.9,0.8,0.5,1.5,2.6,11.6,Dennis Smith Jr.,PG,6-2,205,November 25 1997,18.3,.400,.328,.448,.731,2.4,3.3,1.0,0.6,1.1,1.6,6.7,Deividas Sirvydis,SG,6-8,190,June 10 2000,6.7,.350,.357,.333,.500,1.5,0.3,0.1,0.0,0.3,0.5,2.1,Cory Joseph,PG,6-3,200,August 20 1991,23.0,.469,.341,.527,.818,2.5,3.4,1.0,0.3,1.3,2.2,8.2,Rodney McGruder,SG,6-4,205,July 29 1991,12.1,.529,.458,.565,.750,1.4,1.0,0.5,0.1,0.4,0.8,5.7,,,,,,,,,,,,,,,,,,,,,,,,,,,,,,,,,,,,,,,,,,,,,,,,,,,,,,,,,,,,,,,,,,,,,,,,,,,,,,,,,,,,,,,,,,,,,,,,,,,,,,,,,,,,,,,,,,,,,,,,,,,,,,,,,,,,,,,,,,,,,,,,,,,,,,,,,,,,,,,,,,,,,,,,,,,,,,,,,,,,,,,,,,,,,,,,,,,,,,,,,,,,,,,,,,,,,,,,,,,,,,,,
Utah Jazz,52,20,116.4,Bojan Bogdanović,SF,6-7,226,April 18 1989,30.8,.439,.390,.487,.879,3.9,1.9,0.6,0.1,1.8,1.6,17.0,Georges Niang,PF,6-7,230,June 17 1993,16.0,.437,.425,.469,.957,2.4,0.8,0.3,0.1,0.7,1.6,6.9,Rudy Gobert,C,7-1,258,June 26 1992,30.8,<strong>.675</strong>,.000,<strong>.680</strong>,.623,13.5,1.3,0.6,2.7,1.7,2.3,14.3,Royce O'Neale,SF,6-4,226,June 5 1993,31.6,.444,.385,.586,.848,6.8,2.5,0.8,0.5,1.2,2.6,7.0,Jordan Clarkson,SG,6-4,194,June 7 1992,26.7,.425,.347,.523,.896,4.0,2.5,0.9,0.1,1.7,1.6,18.4,Derrick Favors,C,6-9,265,July 15 1991,15.3,.638,.000,.643,.738,5.5,0.6,0.5,1.0,0.5,2.1,5.4,Joe Ingles,SF,6-8,220,October 2 1987,27.9,.489,.451,.590,.844,3.6,4.7,0.7,0.2,1.7,1.8,12.1,Miye Oni,SG,6-5,206,August 4 1997,9.6,.354,.341,.455,.833,1.6,0.5,0.2,0.1,0.3,1.1,1.9,Donovan Mitchell,PG,6-1,215,September 7 1996,33.4,.438,.386,.476,.845,4.4,5.2,1.0,0.3,2.8,2.2,26.4,Mike Conley,PG,6-1,175,October 11 1987,29.4,.444,.412,.479,.852,3.5,6.0,1.4,0.2,1.9,1.9,16.2,Trent Forrest,PG,6-4,210,June 12 1998,10.1,.451,.192,.600,1.000,1.5,1.5,0.3,0.1,0.7,0.7,2.9,Juwan Morgan,PF,6-7,232,April 17 1997,5.1,.467,.308,.588,.429,1.0,0.3,0.1,0.0,0.1,0.7,1.2,Jarrell Brantley,PF,6-5,250,June 7 1996,4.9,.481,.429,.542,1.000,1.0,0.5,0.3,0.1,0.3,0.6,2.3,Matt Thomas,SG,6-4,190,August 4 1994,7.2,.394,.338,.489,.857,1.0,0.4,0.1,0.0,0.3,0.4,3.1,Elijah Hughes,SF,6-5,215,March 10 1998,3.6,.333,.348,.286,.750,0.5,0.3,0.1,0.1,0.3,0.1,1.7,Ersan İlyasova,PF,6-9,235,May 15 1987,8.7,.389,.439,.231,1.000,1.7,0.2,0.6,0.2,0.5,1.7,3.8,Udoka Azubuike,C,6-10,280,September 17 1999,3.8,.444,,.444,.800,0.9,0.0,0.1,0.3,0.2,0.6,1.1,,,,,,,,,,,,,,,,,,,,,,,,,,,,,,,,,,,,,,,,,,,,,,,,,,,,,,,,,,,,,,,,,,,,,,,,,,,,,,,,,,,,,,,,,,,,,,,,,,,,,,,,,,,,,,,,,,,,,,,,,,,,,,,,,,,,,,,,,,,,,,,,,,,,,,,,,,,,,,,,,,,,,,,,,,,,,,,,,,,,,,,,,,,,,,,,,,,,,,,,,,,,,,,
Phoenix Suns,51,21,115.3,Mikal Bridges,SF,6-6,209,August 30 1996,32.6,.543,.425,.647,.840,4.3,2.1,1.1,0.9,0.8,1.6,13.5,Chris Paul,PG,6-0,175,May 6 1985,31.4,.499,.395,.543,<strong>.934</strong>,4.5,8.9,1.4,0.3,2.2,2.4,16.4,Deandre Ayton,C,6-11,250,July 23 1998,30.7,.626,.200,.639,.769,10.5,1.4,0.6,1.2,1.5,2.8,14.4,Devin Booker,SG,6-5,206,October 30 1996,33.9,.484,.340,.543,.867,4.2,4.3,0.8,0.2,3.1,2.7,25.6,Jae Crowder,PF,6-6,235,July 6 1990,27.5,.404,.389,.455,.760,4.7,2.1,0.8,0.5,0.9,2.1,10.1,Cameron Johnson,PF,6-8,210,March 3 1996,24.0,.420,.349,.581,.847,3.3,1.4,0.6,0.3,0.7,1.4,9.6,Cameron Payne,PG,6-1,183,August 8 1994,18.0,.484,.440,.515,.893,2.4,3.6,0.6,0.3,1.0,1.6,8.4,Jevon Carter,PG,6-1,200,September 14 1995,12.0,.422,.371,.528,.571,1.5,1.2,0.5,0.2,0.3,0.9,4.1,Dario Šarić,C,6-10,225,April 8 1994,17.4,.447,.348,.512,.848,3.8,1.3,0.6,0.1,1.1,1.9,8.7,Frank Kaminsky,C,7-0,240,April 4 1993,15.2,.471,.365,.523,.617,4.0,1.7,0.3,0.4,0.5,1.5,6.6,Langston Galloway,SG,6-1,200,December 9 1991,11.0,.449,.424,.484,.957,1.1,0.7,0.2,0.0,0.3,0.6,4.8,Torrey Craig,SF,6-7,221,December 19 1990,16.1,.480,.368,.579,.773,3.9,1.0,0.6,0.5,0.5,1.7,5.5,E'Twaun Moore,SG,6-3,191,February 25 1989,14.4,.455,.314,.512,.857,1.7,1.5,0.6,0.2,0.9,1.2,4.9,Jalen Smith,PF,6-10,215,March 16 2000,5.8,.440,.235,.545,.714,1.4,0.1,0.0,0.2,0.3,0.6,2.0,Abdel Nader,SF,6-5,225,September 25 1993,14.8,.491,.419,.534,.757,2.6,0.8,0.4,0.4,0.8,1.4,6.7,Ty-Shon Alexander,SG,6-3,195,July 16 1998,3.1,.250,.222,.333,.500,0.7,0.4,0.0,0.1,0.2,0.1,0.6,,,,,,,,,,,,,,,,,,,,,,,,,,,,,,,,,,,,,,,,,,,,,,,,,,,,,,,,,,,,,,,,,,,,,,,,,,,,,,,,,,,,,,,,,,,,,,,,,,,,,,,,,,,,,,,,,,,,,,,,,,,,,,,,,,,,,,,,,,,,,,,,,,,,,,,,,,,,,,,,,,,,,,,,,,,,,,,,,,,,,,,,,,,,,,,,,,,,,,,,,,,,,,,,,,,,,,,,,,,,,,,,
Denver Nuggets,47,25,115.1,Nikola Jokić,C,6-11,284,February 19 1995,34.6,.566,.388,.606,.868,10.8,8.3,1.3,0.7,3.1,2.7,26.4,Facundo Campazzo,PG,5-10,195,March 23 1991,21.9,.381,.352,.444,.879,2.1,3.6,1.2,0.2,1.1,2.0,6.1,Michael Porter Jr.,SF,6-10,218,June 29 1998,31.3,.542,.445,.628,.791,7.3,1.1,0.7,0.9,1.3,2.1,19.0,JaMychal Green,PF,6-8,227,June 21 1990,19.3,.463,.399,.534,.807,4.8,0.9,0.4,0.4,0.9,2.5,8.1,Will Barton,SF,6-6,181,January 6 1991,31.0,.426,.381,.459,.785,4.0,3.2,0.9,0.4,1.7,1.7,12.7,Paul Millsap,PF,6-7,257,February 10 1985,20.8,.476,.343,.550,.724,4.7,1.8,0.9,0.6,0.9,2.0,9.0,PJ Dozier,SG,6-6,205,October 25 1996,21.8,.417,.315,.490,.636,3.6,1.8,0.6,0.4,0.9,1.7,7.7,Jamal Murray,PG,6-3,215,February 23 1997,35.5,.477,.408,.523,.869,4.0,4.8,1.3,0.3,2.3,2.0,21.2,Monte Morris,PG,6-2,183,June 27 1995,25.4,.481,.381,.534,.795,2.0,3.2,0.7,0.3,0.7,1.0,10.2,Zeke Nnaji,PF,6-9,240,January 9 2001,9.5,.481,.407,.578,.800,1.5,0.2,0.2,0.1,0.2,0.7,3.2,Vlatko Čančar,PF,6-8,236,April 10 1997,6.9,.458,.273,.615,.769,1.2,0.3,0.3,0.0,0.3,0.4,2.1,Markus Howard,SG,5-10,175,March 3 1999,5.5,.377,.277,.537,.778,0.6,0.5,0.1,0.0,0.5,0.6,2.8,Bol Bol,PF,7-2,220,November 16 1999,5.0,.431,.375,.471,.667,0.8,0.2,0.1,0.3,0.4,0.4,2.2,Aaron Gordon,PF,6-8,235,September 16 1995,27.7,.463,.335,.533,.651,5.7,3.2,0.7,0.7,1.9,1.8,12.4,Shaquille Harrison,SG,6-7,190,October 6 1993,9.8,.333,.188,.371,.818,1.4,0.7,0.5,0.1,0.3,1.0,2.1,Austin Rivers,SG,6-4,200,August 1 1992,23.5,.424,.369,.510,.710,2.3,2.3,0.8,0.1,1.0,1.8,7.9,JaVale McGee,C,7-0,270,January 19 1988,14.7,.511,.208,.539,.657,5.2,0.8,0.4,1.2,1.3,2.6,7.3,,,,,,,,,,,,,,,,,,,,,,,,,,,,,,,,,,,,,,,,,,,,,,,,,,,,,,,,,,,,,,,,,,,,,,,,,,,,,,,,,,,,,,,,,,,,,,,,,,,,,,,,,,,,,,,,,,,,,,,,,,,,,,,,,,,,,,,,,,,,,,,,,,,,,,,,,,,,,,,,,,,,,,,,,,,,,,,,,,,,,,,,,,,,,,,,,,,,,,,,,,,,,,,
Los Angeles Clippers,47,25,114.0,Ivica Zubac,C,7-0,240,March 18 1997,22.3,.652,.250,.656,.789,7.2,1.3,0.3,0.9,1.1,2.6,9.0,Reggie Jackson,SG,6-2,208,April 16 1990,23.0,.450,.433,.465,.817,2.9,3.1,0.6,0.1,1.1,1.9,10.7,Nicolas Batum,SF,6-8,230,December 14 1988,27.4,.464,.404,.579,.828,4.7,2.2,1.0,0.6,0.8,1.5,8.1,Terance Mann,SG,6-5,215,October 18 1996,18.9,.509,.418,.541,.830,3.6,1.6,0.4,0.2,0.6,1.9,7.0,Luke Kennard,SG,6-5,206,June 24 1996,19.6,.476,.446,.511,.839,2.6,1.7,0.4,0.1,0.8,1.4,8.3,Marcus Morris,PF,6-8,218,September 2 1989,26.4,.473,.473,.472,.820,4.1,1.0,0.6,0.3,1.0,2.1,13.4,Paul George,SF,6-8,220,May 2 1990,33.7,.467,.411,.510,.868,6.6,5.2,1.1,0.4,3.3,2.4,23.3,Kawhi Leonard,SF,6-7,225,June 29 1991,34.1,.512,.398,.557,.885,6.5,5.2,1.6,0.4,2.0,1.6,24.8,Amir Coffey,SG,6-7,210,June 17 1997,9.0,.437,.411,.468,.711,1.0,0.5,0.2,0.0,0.3,0.7,3.2,Serge Ibaka,C,6-10,235,September 18 1989,23.3,.510,.339,.588,.811,6.7,1.8,0.2,1.1,1.1,1.9,11.1,Patrick Patterson,PF,6-8,235,March 14 1989,15.3,.436,.357,.604,.765,2.0,0.8,0.4,0.2,0.3,1.2,5.2,Patrick Beverley,PG,6-1,180,July 12 1988,22.5,.423,.397,.468,.800,3.2,2.1,0.8,0.8,0.9,2.9,7.5,Daniel Oturu,C,6-8,240,September 20 1999,5.4,.423,.200,.447,.750,1.6,0.3,0.1,0.2,0.3,0.8,1.8,Rajon Rondo,PG,6-1,180,February 22 1986,17.1,.442,.404,.468,.941,2.4,4.4,0.8,0.1,1.8,1.2,5.4,DeMarcus Cousins,C,6-10,270,August 13 1990,17.4,.426,.348,.488,.728,6.4,1.9,0.8,0.6,1.6,2.6,8.9,Yogi Ferrell,PG,6-0,178,May 9 1993,13.6,.351,.321,.379,.778,1.9,2.2,0.7,0.3,0.3,1.1,5.6,Jay Scrubb,SG,6-5,220,September 1 2000,21.0,.389,.222,.444,1.000,3.5,0.3,1.0,0.0,1.8,1.3,8.8,,,,,,,,,,,,,,,,,,,,,,,,,,,,,,,,,,,,,,,,,,,,,,,,,,,,,,,,,,,,,,,,,,,,,,,,,,,,,,,,,,,,,,,,,,,,,,,,,,,,,,,,,,,,,,,,,,,,,,,,,,,,,,,,,,,,,,,,,,,,,,,,,,,,,,,,,,,,,,,,,,,,,,,,,,,,,,,,,,,,,,,,,,,,,,,,,,,,,,,,,,,,,,,
Dallas Mavericks,42,30,112.4,Tim Hardaway Jr.,SG,6-5,205,March 16 1992,28.4,.447,.391,.524,.816,3.3,1.8,0.4,0.2,0.9,1.6,16.6,Jalen Brunson,PG,6-1,190,August 31 1996,25.0,.523,.405,.578,.795,3.4,3.5,0.5,0.0,1.2,1.6,12.6,Luka Dončić,PG,6-7,230,February 28 1999,34.3,.479,.350,.567,.730,8.0,8.6,1.0,0.5,4.3,2.3,27.7,Trey Burke,PG,6-0,185,November 12 1992,14.7,.428,.354,.492,.895,0.9,1.3,0.6,0.1,0.5,1.0,6.6,Dorian Finney-Smith,PF,6-7,220,May 4 1993,32.0,.472,.394,.616,.756,5.4,1.7,0.9,0.4,0.8,2.3,9.8,Josh Richardson,SG,6-5,200,September 15 1993,30.3,.427,.330,.501,.917,3.3,2.6,1.0,0.4,1.3,2.2,12.1,Dwight Powell,C,6-10,240,July 20 1991,16.7,.619,.238,.665,.782,4.0,1.1,0.6,0.5,0.7,2.3,5.9,Willie Cauley-Stein,C,7-0,240,August 18 1993,17.1,.632,.091,.667,.628,4.5,0.7,0.4,0.8,0.5,2.4,5.3,Maxi Kleber,PF,6-10,240,January 29 1992,26.8,.422,.410,.460,.919,5.2,1.4,0.5,0.7,0.6,2.1,7.1,Kristaps Porziņģis,C,7-3,240,August 2 1995,30.9,.476,.376,.536,.855,8.9,1.6,0.5,1.3,1.2,2.7,20.1,Josh Green,SG,6-5,200,November 16 2000,11.4,.452,.160,.559,.565,2.0,0.7,0.4,0.1,0.4,0.9,2.6,Boban Marjanović,C,7-4,290,August 15 1988,8.2,.508,.125,.535,.816,3.9,0.3,0.1,0.2,0.4,0.9,4.7,Nicolò Melli,PF,6-9,236,January 26 1991,12.6,.326,.271,.411,.760,2.7,1.0,0.3,0.1,0.3,1.3,3.0,Nate Hinton,SG,6-5,210,June 8 1999,4.4,.357,.211,.478,.700,0.4,0.4,0.3,0.1,0.2,0.4,2.0,Tyler Bey,SF,6-7,215,February 10 1998,3.9,.318,.250,.333,.600,1.1,0.2,0.0,0.1,0.2,0.3,1.0,J.J. Redick,SG,6-3,200,June 24 1984,16.4,.397,.371,.449,.942,1.5,1.2,0.3,0.1,0.8,1.1,7.4,Tyrell Terry,PG,6-2,160,September 28 2000,5.1,.313,.000,.556,.333,0.5,0.5,0.5,0.0,0.2,0.2,1.0,,,,,,,,,,,,,,,,,,,,,,,,,,,,,,,,,,,,,,,,,,,,,,,,,,,,,,,,,,,,,,,,,,,,,,,,,,,,,,,,,,,,,,,,,,,,,,,,,,,,,,,,,,,,,,,,,,,,,,,,,,,,,,,,,,,,,,,,,,,,,,,,,,,,,,,,,,,,,,,,,,,,,,,,,,,,,,,,,,,,,,,,,,,,,,,,,,,,,,,,,,,,,,,
Portland Trail Blazers,42,30,116.1,Enes Kanter,C,6-10,250,May 20 1992,24.4,.604,.250,.607,.774,11.0,1.2,0.5,0.7,1.1,2.3,11.2,Robert Covington,PF,6-7,209,December 14 1990,32.0,.401,.379,.451,.806,6.7,1.7,1.4,1.2,0.9,2.8,8.5,Carmelo Anthony,PF,6-7,238,May 29 1984,24.5,.421,.409,.429,.890,3.1,1.5,0.7,0.6,0.9,2.1,13.4,Damian Lillard,PG,6-2,195,July 15 1990,35.8,.451,.391,.519,.928,4.2,7.5,0.9,0.3,3.0,1.5,28.8,Anfernee Simons,SG,6-3,181,June 8 1999,17.3,.419,.426,.403,.807,2.2,1.4,0.3,0.1,0.7,1.5,7.8,Derrick Jones Jr.,SF,6-5,210,February 15 1997,22.7,.484,.316,.619,.648,3.5,0.8,0.6,0.9,0.6,2.2,6.8,Nassir Little,PF,6-5,220,February 11 2000,13.3,.467,.350,.575,.800,2.7,0.5,0.1,0.3,0.4,1.1,4.6,CJ McCollum,SG,6-3,190,September 19 1991,34.0,.458,.402,.509,.812,3.9,4.7,0.9,0.4,1.4,1.9,23.1,Harry Giles,C,6-11,240,April 22 1998,9.2,.433,.348,.459,.593,3.5,0.8,0.2,0.3,0.5,1.4,2.8,Jusuf Nurkić,C,6-11,290,August 23 1994,23.8,.514,.400,.525,.619,9.0,3.4,1.0,1.1,2.0,2.8,11.5,CJ Elleby,SF,6-6,200,June 16 2000,6.4,.379,.206,.563,.733,1.1,0.3,0.2,0.1,0.2,0.9,2.3,Norman Powell,SF,6-3,215,May 25 1993,32.0,.477,.411,.532,.871,3.1,1.9,1.2,0.3,1.7,2.3,18.6,Keljin Blevins,SF,6-4,200,November 24 1995,4.4,.250,.250,.250,,0.6,0.2,0.1,0.0,0.3,0.5,0.7,Rondae Hollis-Jefferson,PF,6-6,217,January 3 1995,9.7,.500,.000,.529,.563,2.4,1.2,0.2,0.4,0.2,1.4,2.5,T.J. Leaf,PF,6-10,222,April 30 1997,5.0,.500,,.500,1.000,0.7,0.1,0.3,0.1,0.3,0.1,1.7,Zach Collins,PF,6-11,250,November 19 1997,,,,,,,,,,,,,,,,,,,,,,,,,,,,,,,,,,,,,,,,,,,,,,,,,,,,,,,,,,,,,,,,,,,,,,,,,,,,,,,,,,,,,,,,,,,,,,,,,,,,,,,,,,,,,,,,,,,,,,,,,,,,,,,,,,,,,,,,,,,,,,,,,,,,,,,,,,,,,,,,,,,,,,,,,,,,,,,,,,,,,,,,,,,,,,,,,,,,,,,,,,,,,,,,,,,,,,,,,,,,,,,,,,,,,,,,,,,,
Los Angeles Lakers,42,30,109.5,Montrezl Harrell,C,6-7,240,January 26 1994,22.9,.622,.000,.632,.707,6.2,1.1,0.7,0.7,1.1,1.9,13.5,Kyle Kuzma,SF,6-10,221,July 24 1995,28.7,.443,.361,.525,.691,6.1,1.9,0.5,0.6,1.7,1.8,12.9,Kentavious Caldwell-Pope,SG,6-5,204,February 18 1993,28.4,.431,.410,.460,.866,2.7,1.9,0.9,0.4,1.0,1.7,9.7,Talen Horton-Tucker,SG,6-4,234,November 25 2000,20.1,.458,.282,.522,.775,2.6,2.8,1.0,0.3,1.6,2.0,9.0,Dennis Schröder,SG,6-3,172,September 15 1993,32.1,.437,.335,.476,.848,3.5,5.8,1.1,0.2,2.7,2.6,15.4,Markieff Morris,PF,6-9,245,September 2 1989,19.7,.405,.311,.521,.720,4.4,1.2,0.4,0.3,0.9,1.7,6.7,Alex Caruso,PG,6-4,186,February 28 1994,21.0,.436,.401,.464,.645,2.9,2.8,1.1,0.3,1.3,1.9,6.4,Wesley Matthews,SG,6-4,220,October 14 1986,19.5,.353,.335,.418,.854,1.6,0.9,0.7,0.3,0.4,1.4,4.8,Marc Gasol,C,6-11,255,January 29 1985,19.1,.454,.410,.528,.720,4.1,2.1,0.5,1.1,1.0,2.2,5.0,LeBron James,PG,6-9,250,December 30 1984,33.4,.513,.365,.591,.698,7.7,7.8,1.1,0.6,3.7,1.6,25.0,Alfonzo McKinnie,SF,6-7,215,September 17 1992,6.6,.516,.410,.593,.556,1.4,0.2,0.2,0.0,0.1,0.7,3.1,Anthony Davis,PF,6-10,253,March 11 1993,32.3,.491,.260,.536,.738,7.9,3.1,1.3,1.6,2.1,1.7,21.8,Andre Drummond,C,6-10,279,August 10 1993,27.0,.493,.000,.500,.600,12.0,2.0,1.4,1.1,2.7,3.2,14.9,Ben McLemore,SG,6-3,195,February 11 1993,17.1,.370,.346,.447,.736,1.9,0.7,0.4,0.2,0.8,1.7,7.7,Devontae Cacok,PF,6-7,240,October 8 1996,4.9,.586,,.586,.455,1.6,0.1,0.3,0.2,0.3,0.4,2.0,Kostas Antetokounmpo,PF,6-10,200,November 20 1997,3.7,.300,,.300,.462,1.3,0.1,0.1,0.3,0.7,0.5,0.8,Jared Dudley,PF,6-6,237,July 10 1985,6.8,.222,.333,.000,,1.8,0.4,0.1,0.1,0.2,0.6,0.5,,,,,,,,,,,,,,,,,,,,,,,,,,,,,,,,,,,,,,,,,,,,,,,,,,,,,,,,,,,,,,,,,,,,,,,,,,,,,,,,,,,,,,,,,,,,,,,,,,,,,,,,,,,,,,,,,,,,,,,,,,,,,,,,,,,,,,,,,,,,,,,,,,,,,,,,,,,,,,,,,,,,,,,,,,,,,,,,,,,,,,,,,,,,,,,,,,,,,,,,,,,,,,,
Memphis Grizzlies,38,34,113.3,Tyus Jones,PG,6-0,196,May 10 1996,17.5,.431,.321,.487,.911,2.0,3.7,0.9,0.1,0.7,0.4,6.3,Kyle Anderson,PF,6-9,230,September 20 1993,27.3,.468,.360,.539,.783,5.7,3.6,1.2,0.8,1.2,1.7,12.4,Desmond Bane,SG,6-5,215,June 25 1998,22.3,.469,.432,.513,.816,3.1,1.7,0.6,0.2,0.9,1.8,9.2,Dillon Brooks,SF,6-7,225,January 22 1996,29.8,.419,.344,.461,.815,2.9,2.3,1.2,0.4,1.8,3.5,17.2,Ja Morant,PG,6-3,174,August 10 1999,32.6,.449,.303,.499,.728,4.0,7.4,0.9,0.2,3.2,1.4,19.1,Jonas Valančiūnas,C,6-11,265,May 6 1992,28.3,.592,.368,.611,.773,12.5,1.8,0.6,0.9,1.6,2.9,17.1,Brandon Clarke,PF,6-8,215,September 19 1996,24.0,.517,.260,.565,.690,5.6,1.6,1.0,0.9,0.6,1.4,10.3,Xavier Tillman Sr.,PF,6-8,245,January 12 1999,18.4,.559,.338,.620,.642,4.3,1.3,0.7,0.6,0.8,2.0,6.6,De'Anthony Melton,PG,6-2,200,May 28 1998,20.1,.438,.412,.467,.804,3.1,2.5,1.2,0.6,1.3,1.6,9.1,Grayson Allen,SG,6-4,198,October 8 1995,25.2,.418,.391,.471,.868,3.2,2.2,0.9,0.2,1.0,1.4,10.6,John Konchar,SG,6-5,210,March 22 1996,13.4,.500,.375,.585,.833,3.0,1.1,0.7,0.2,0.4,0.9,4.3,Justise Winslow,SF,6-6,222,March 26 1996,19.5,.352,.185,.410,.571,4.5,1.9,0.6,0.5,1.4,1.8,6.8,Killian Tillie,C,6-9,220,March 5 1998,10.1,.333,.303,.375,.818,1.3,0.4,0.3,0.4,0.1,1.1,3.2,Sean McDermott,SF,6-6,195,November 3 1996,8.8,.394,.227,.727,1.000,1.1,0.2,0.1,0.2,0.2,0.4,2.2,Jaren Jackson Jr.,C,6-11,242,September 15 1999,23.5,.424,.283,.554,.833,5.6,1.1,1.1,1.6,1.4,3.8,14.4,Jontay Porter,PF,6-11,240,November 15 1999,4.9,.533,.375,.714,.600,1.3,0.1,0.3,0.1,0.6,1.1,2.0,,,,,,,,,,,,,,,,,,,,,,,,,,,,,,,,,,,,,,,,,,,,,,,,,,,,,,,,,,,,,,,,,,,,,,,,,,,,,,,,,,,,,,,,,,,,,,,,,,,,,,,,,,,,,,,,,,,,,,,,,,,,,,,,,,,,,,,,,,,,,,,,,,,,,,,,,,,,,,,,,,,,,,,,,,,,,,,,,,,,,,,,,,,,,,,,,,,,,,,,,,,,,,,,,,,,,,,,,,,,,,,,
Golden State Warriors,39,33,113.7,Andrew Wiggins,PF,6-7,197,February 23 1995,33.3,.477,.380,.529,.714,4.9,2.4,0.9,1.0,1.8,2.2,18.6,Kent Bazemore,SF,6-4,195,July 1 1989,19.9,.449,.408,.486,.692,3.4,1.6,1.0,0.5,1.2,2.4,7.2,Stephen Curry,PG,6-3,185,March 14 1988,34.2,.482,.421,.569,.916,5.5,5.8,1.2,0.1,3.4,1.9,<strong>32.0</strong>,Draymond Green,PF,6-6,230,March 4 1990,31.5,.447,.270,.535,.795,7.1,8.9,1.7,0.8,3.0,3.1,7.0,Kevon Looney,C,6-9,222,February 6 1996,19.0,.548,.235,.578,.646,5.3,2.0,0.3,0.4,0.6,2.2,4.1,Mychal Mulder,PG,6-3,184,June 12 1994,12.8,.449,.397,.667,.636,1.0,0.4,0.2,0.2,0.3,0.9,5.6,Damion Lee,SG,6-5,210,October 21 1992,18.9,.467,.397,.638,.909,3.2,1.3,0.7,0.1,0.5,1.6,6.5,Kelly Oubre Jr.,SF,6-7,203,December 9 1995,30.7,.439,.316,.519,.695,6.0,1.3,1.0,0.8,1.3,2.2,15.4,Juan Toscano-Anderson,SG,6-6,209,April 10 1993,20.9,.579,.402,.718,.710,4.4,2.8,0.8,0.5,1.2,2.1,5.7,Jordan Poole,SG,6-4,194,June 19 1999,19.4,.432,.351,.545,.882,1.8,1.9,0.5,0.2,1.0,1.7,12.0,Eric Paschall,PF,6-6,255,November 4 1996,17.4,.497,.333,.533,.713,3.2,1.3,0.3,0.2,1.1,1.7,9.5,James Wiseman,C,7-0,240,March 31 2001,21.4,.519,.316,.542,.628,5.8,0.7,0.3,0.9,1.5,3.1,11.5,Nico Mannion,PG,6-2,190,March 14 2001,12.1,.342,.367,.315,.821,1.5,2.3,0.5,0.0,1.0,1.0,4.1,Alen Smailagić,PF,6-10,215,August 18 2000,5.6,.407,.400,.412,.333,1.1,0.3,0.2,0.3,0.3,0.7,1.9,Gary Payton II,PG,6-3,190,December 1 1992,4.0,.769,.500,.889,.750,1.1,0.1,0.6,0.1,0.1,0.8,2.5,Jordan Bell,C,6-8,216,January 7 1995,13.7,.318,.000,.350,.500,4.0,1.2,0.5,0.8,0.7,1.2,2.5,Klay Thompson,SG,6-6,215,February 8 1990,,,,,,,,,,,,,,,,,,,,,,,,,,,,,,,,,,,,,,,,,,,,,,,,,,,,,,,,,,,,,,,,,,,,,,,,,,,,,,,,,,,,,,,,,,,,,,,,,,,,,,,,,,,,,,,,,,,,,,,,,,,,,,,,,,,,,,,,,,,,,,,,,,,,,,,,,,,,,,,,,,,,,,,,,,,,,,,,,,,,,,,,,,,,,,,,,,,,,,,,,,,,,,,,,,,,,,,,,,,
San Antonio Spurs,33,39,111.1,Keldon Johnson,SF,6-5,220,October 11 1999,28.5,.479,.331,.531,.740,6.0,1.8,0.6,0.3,1.1,2.1,12.8,Jakob Poeltl,C,7-1,245,October 15 1995,26.7,.616,,.616,.508,7.9,1.9,0.7,1.8,1.2,2.5,8.6,Patty Mills,PG,6-1,180,August 11 1988,24.8,.412,.375,.500,.910,1.7,2.4,0.6,0.0,1.0,1.2,10.8,Dejounte Murray,PG,6-4,180,September 19 1996,31.9,.453,.317,.488,.791,7.1,5.4,1.5,0.1,1.7,2.0,15.7,Rudy Gay,PF,6-8,250,August 17 1986,21.6,.420,.381,.451,.804,4.8,1.4,0.7,0.6,1.0,1.8,11.4,Devin Vassell,SF,6-5,200,August 23 2000,17.0,.406,.347,.464,.843,2.8,0.9,0.7,0.3,0.4,1.4,5.5,DeMar DeRozan,PF,6-6,220,August 7 1989,33.7,.495,.257,.515,.880,4.2,6.9,0.9,0.2,2.0,2.1,21.6,Lonnie Walker,SG,6-4,204,December 14 1998,25.4,.420,.355,.477,.814,2.6,1.7,0.5,0.3,1.1,1.7,11.2,Drew Eubanks,C,6-9,245,February 1 1997,14.0,.566,1.000,.562,.726,4.5,0.8,0.3,0.9,0.8,1.6,5.8,Tre Jones,PG,6-1,185,January 8 2000,7.3,.474,.600,.466,.895,0.6,1.1,0.2,0.0,0.4,0.4,2.5,Derrick White,SG,6-4,190,July 2 1994,29.6,.411,.346,.486,.851,3.0,3.5,0.7,1.0,1.3,2.5,15.4,Luka Šamanić,PF,6-10,227,January 9 2000,9.3,.448,.279,.565,.552,2.1,0.5,0.2,0.2,0.6,1.3,3.7,Keita Bates-Diop,SF,6-8,229,January 23 1996,8.2,.448,.294,.500,.667,1.6,0.4,0.4,0.2,0.2,0.4,2.6,Trey Lyles,PF,6-9,234,November 5 1995,15.6,.478,.350,.580,.652,3.7,0.6,0.3,0.0,0.3,0.6,5.0,Quinndary Weatherspoon,SG,6-3,205,September 10 1996,6.1,.457,.167,.517,.813,0.6,0.4,0.4,0.1,0.5,0.9,2.3,Gorgui Dieng,C,6-10,252,January 18 1990,14.5,.521,.429,.591,.866,3.7,1.3,0.7,0.4,0.8,1.5,6.8,DaQuan Jeffries,G-F,6-5,230,August 30 1997,15.9,.417,.299,.566,.875,2.3,0.7,0.5,0.3,0.5,1.5,4.1,,,,,,,,,,,,,,,,,,,,,,,,,,,,,,,,,,,,,,,,,,,,,,,,,,,,,,,,,,,,,,,,,,,,,,,,,,,,,,,,,,,,,,,,,,,,,,,,,,,,,,,,,,,,,,,,,,,,,,,,,,,,,,,,,,,,,,,,,,,,,,,,,,,,,,,,,,,,,,,,,,,,,,,,,,,,,,,,,,,,,,,,,,,,,,,,,,,,,,,,,,,,,,,
New Orleans Pelicans,31,41,114.6,Eric Bledsoe,SG,6-1,214,December 9 1989,29.7,.421,.341,.496,.687,3.4,3.8,0.8,0.3,1.6,1.6,12.2,Zion Williamson,PF,6-7,284,July 6 2000,33.2,.611,.294,.622,.698,7.2,3.7,0.9,0.6,2.7,2.2,27.0,Brandon Ingram,SF,6-8,190,September 2 1997,34.3,.466,.381,.510,.878,4.9,4.9,0.7,0.6,2.5,2.0,23.8,Jaxson Hayes,C,6-11,220,May 23 2000,16.1,.625,.429,.635,.775,4.3,0.6,0.4,0.6,0.7,1.7,7.5,Steven Adams,C,6-11,265,July 20 1993,27.7,.614,.000,.620,.444,8.9,1.9,0.9,0.7,1.3,1.9,7.6,Lonzo Ball,PG,6-6,190,October 27 1997,31.8,.414,.378,.482,.781,4.8,5.7,1.5,0.6,2.2,1.9,14.6,Kira Lewis Jr.,PG,6-1,170,April 6 2001,16.7,.386,.333,.415,.843,1.3,2.3,0.7,0.2,0.6,1.6,6.4,Josh Hart,SF,6-5,215,March 6 1995,28.7,.439,.326,.583,.775,8.0,2.3,0.8,0.3,1.0,2.4,9.2,Willy Hernangómez,C,6-11,250,May 27 1994,18.0,.563,.100,.581,.667,7.1,1.1,0.5,0.5,0.7,1.4,7.8,Nickeil Alexander-Walker,SG,6-6,205,September 2 1998,21.9,.419,.347,.485,.727,3.1,2.2,1.0,0.5,1.5,1.9,11.0,Naji Marshall,SF,6-7,220,January 24 1998,21.9,.392,.349,.421,.707,4.6,2.8,0.8,0.3,1.2,1.8,7.7,James Johnson,PF,6-7,240,February 20 1987,20.5,.446,.258,.556,.592,3.5,1.9,0.8,0.8,1.1,2.4,7.2,Wenyen Gabriel,PF,6-9,205,March 26 1997,11.5,.400,.406,.393,.647,2.6,0.5,0.4,0.4,0.7,1.5,3.4,Wesley Iwundu,SF,6-6,195,December 20 1994,13.1,.333,.122,.475,.839,2.2,0.4,0.4,0.1,0.5,1.2,2.4,James Nunnally,SF,6-7,208,July 14 1990,5.3,.385,.333,1.000,.500,1.0,0.3,0.0,0.0,0.2,0.1,1.7,Didi Louzada,SF,6-5,188,February 7 1999,18.7,.231,.250,.200,,1.0,1.0,0.7,0.0,1.0,1.7,2.7,,,,,,,,,,,,,,,,,,,,,,,,,,,,,,,,,,,,,,,,,,,,,,,,,,,,,,,,,,,,,,,,,,,,,,,,,,,,,,,,,,,,,,,,,,,,,,,,,,,,,,,,,,,,,,,,,,,,,,,,,,,,,,,,,,,,,,,,,,,,,,,,,,,,,,,,,,,,,,,,,,,,,,,,,,,,,,,,,,,,,,,,,,,,,,,,,,,,,,,,,,,,,,,,,,,,,,,,,,,,,,,,
Sacramento Kings,31,41,113.7,Buddy Hield,SG,6-4,220,December 17 1992,34.3,.406,.391,.446,.846,4.7,3.6,0.9,0.4,1.8,2.5,16.6,Richaun Holmes,C,6-10,235,October 15 1993,29.2,.637,.182,.645,.794,8.3,1.7,0.6,1.6,1.2,3.5,14.2,De'Aaron Fox,PG,6-3,185,December 20 1997,35.1,.477,.322,.539,.719,3.5,7.2,1.5,0.5,3.0,2.9,25.2,Harrison Barnes,PF,6-8,225,May 30 1992,36.2,.497,.391,.567,.830,6.6,3.5,0.7,0.2,1.6,1.3,16.1,Tyrese Haliburton,PG,6-5,185,February 29 2000,30.1,.472,.409,.529,.857,3.0,5.3,1.3,0.5,1.6,1.4,13.0,Marvin Bagley III,PF,6-11,235,March 14 1999,25.9,.504,.343,.550,.575,7.4,1.0,0.5,0.5,1.4,2.3,14.1,Hassan Whiteside,C,7-0,265,June 13 1989,15.2,.563,.000,.565,.519,6.0,0.6,0.3,1.3,1.1,2.0,8.1,Chimezie Metu,C,6-9,225,March 22 1997,13.6,.508,.351,.549,.721,3.1,0.8,0.4,0.5,0.8,1.6,6.3,Justin James,SF,6-7,190,January 24 1997,8.6,.468,.368,.521,.583,0.8,0.6,0.2,0.1,0.4,0.6,3.9,Kyle Guy,PG,6-1,167,August 11 1997,7.6,.330,.283,.381,.800,1.1,1.0,0.2,0.0,0.4,0.6,2.8,Terence Davis,SG,6-4,201,May 16 1997,17.6,.428,.367,.513,.818,2.5,1.4,0.7,0.2,1.0,1.6,8.7,Delon Wright,PG,6-5,185,April 26 1992,27.7,.463,.372,.509,.802,4.3,4.4,1.6,0.5,1.3,1.2,10.2,Maurice Harkless,PF,6-7,220,May 11 1993,20.9,.418,.274,.568,.767,2.4,1.2,0.8,0.5,0.6,2.3,5.2,Damian Jones,C,6-11,245,June 30 1995,14.0,.680,.200,.704,.724,3.1,0.7,0.3,0.7,0.7,2.0,4.7,Jahmi'us Ramsey,SG,6-3,190,June 9 2001,7.2,.395,.263,.526,1.000,0.8,0.5,0.3,0.1,0.2,0.6,3.1,Robert Woodard,SF,6-6,235,September 22 1999,3.5,.400,.167,.500,.375,1.2,0.2,0.0,0.2,0.1,0.3,1.5,,,,,,,,,,,,,,,,,,,,,,,,,,,,,,,,,,,,,,,,,,,,,,,,,,,,,,,,,,,,,,,,,,,,,,,,,,,,,,,,,,,,,,,,,,,,,,,,,,,,,,,,,,,,,,,,,,,,,,,,,,,,,,,,,,,,,,,,,,,,,,,,,,,,,,,,,,,,,,,,,,,,,,,,,,,,,,,,,,,,,,,,,,,,,,,,,,,,,,,,,,,,,,,,,,,,,,,,,,,,,,,,
Minnesota Timberwolves,23,49,112.1,Anthony Edwards,SG,6-4,225,August 5 2001,32.1,.417,.329,.483,.776,4.7,2.9,1.1,0.5,2.2,1.8,19.3,Naz Reid,C,6-9,264,August 26 1999,19.2,.523,.351,.597,.693,4.6,1.0,0.5,1.1,1.0,2.6,11.2,Ricky Rubio,PG,6-3,190,October 21 1990,26.1,.388,.308,.447,.867,3.3,6.4,1.4,0.1,1.6,2.0,8.6,Jarred Vanderbilt,PF,6-9,214,April 3 1999,17.8,.606,.200,.615,.559,5.8,1.2,1.0,0.7,0.8,1.9,5.4,Jaden McDaniels,PF,6-9,185,September 29 2000,24.0,.447,.364,.544,.600,3.7,1.1,0.6,1.0,0.7,2.7,6.8,Josh Okogie,SG,6-4,213,September 1 1998,20.3,.402,.269,.500,.769,2.6,1.1,0.9,0.5,0.7,2.1,5.4,Juan Hernangómez,PF,6-9,214,September 28 1995,17.3,.435,.327,.573,.619,3.9,0.7,0.4,0.1,0.5,1.0,7.2,Jordan McLaughlin,PG,5-11,185,April 9 1996,18.4,.413,.359,.447,.767,2.1,3.8,1.0,0.1,1.0,0.9,5.0,Karl-Anthony Towns,C,6-11,248,November 15 1995,33.8,.486,.387,.541,.859,10.6,4.5,0.8,1.1,3.2,3.7,24.8,Jake Layman,SF,6-8,209,March 7 1994,13.9,.495,.295,.642,.703,1.5,0.6,0.6,0.4,0.6,1.0,5.1,D'Angelo Russell,PG,6-4,193,February 23 1996,28.5,.431,.387,.471,.765,2.6,5.8,1.1,0.4,2.7,1.6,19.0,Jaylen Nowell,SG,6-4,201,July 9 1999,18.1,.424,.333,.497,.818,2.3,1.5,0.5,0.3,0.7,1.7,9.0,Malik Beasley,SG,6-4,187,November 26 1996,32.8,.440,.399,.487,.850,4.4,2.4,0.8,0.2,1.6,1.7,19.6,Jarrett Culver,SG,6-6,195,February 20 1999,14.7,.411,.245,.487,.604,3.1,0.7,0.5,0.3,0.8,1.7,5.3,Ed Davis,C,6-9,218,June 5 1989,13.0,.432,,.432,.833,5.0,0.9,0.6,0.6,0.3,2.4,2.1,,,,,,,,,,,,,,,,,,,,,,,,,,,,,,,,,,,,,,,,,,,,,,,,,,,,,,,,,,,,,,,,,,,,,,,,,,,,,,,,,,,,,,,,,,,,,,,,,,,,,,,,,,,,,,,,,,,,,,,,,,,,,,,,,,,,,,,,,,,,,,,,,,,,,,,,,,,,,,,,,,,,,,,,,,,,,,,,,,,,,,,,,,,,,,,,,,,,,,,,,,,,,,,,,,,,,,,,,,,,,,,,,,,,,,,,,,,,,,,,,
Oklahoma City Thunder,22,50,105.0,Kenrich Williams,PF,6-6,210,December 2 1994,21.6,.533,.444,.568,.571,4.1,2.3,0.8,0.3,1.2,2.2,8.0,Théo Maledon,PG,6-4,175,June 12 2001,27.4,.368,.335,.402,.748,3.2,3.5,0.9,0.2,2.2,1.9,10.1,Isaiah Roby,PF,6-8,230,February 3 1998,23.4,.483,.294,.547,.744,5.6,1.8,0.9,0.6,1.9,2.7,8.7,Darius Bazley,PF,6-8,208,June 12 2000,31.2,.396,.290,.470,.702,7.2,1.8,0.5,0.5,2.2,1.1,13.7,Luguentz Dort,SG,6-3,215,April 19 1999,29.7,.387,.343,.432,.744,3.6,1.7,0.9,0.4,1.5,2.6,14.0,Aleksej Pokusevski,PF,7-0,190,December 26 2001,24.2,.341,.280,.403,.738,4.7,2.2,0.4,0.9,2.2,1.3,8.2,Moses Brown,C,7-2,245,October 13 1999,21.4,.545,,.545,.619,8.9,0.2,0.7,1.1,1.0,2.2,8.6,Shai Gilgeous-Alexander,SG,6-6,180,July 12 1998,33.7,.508,.418,.547,.808,4.7,5.9,0.8,0.7,3.0,2.0,23.7,Mike Muscala,C,6-10,240,July 1 1991,18.4,.446,.370,.614,.917,3.8,0.8,0.2,0.3,0.6,1.5,9.7,Ty Jerome,SG,6-5,195,July 8 1997,23.9,.446,.423,.479,.765,2.8,3.6,0.6,0.2,1.4,1.8,10.7,Sviatoslav Mykhailiuk,SG,6-7,205,June 10 1997,20.1,.411,.334,.536,.760,2.5,1.7,0.8,0.2,1.3,1.0,8.5,Al Horford,C,6-9,240,June 3 1986,27.9,.450,.368,.510,.818,6.7,3.4,0.9,0.9,1.0,1.7,14.2,Tony Bradley,C,6-10,248,January 8 1998,16.3,.665,.000,.675,.691,5.7,0.9,0.4,0.7,0.8,1.5,7.1,Josh Hall,SF,6-9,190,October 8 2000,16.0,.303,.108,.419,.500,2.8,1.3,0.2,0.0,1.2,1.8,4.1,Jaylen Hoard,SF,6-8,216,March 30 1999,16.8,.500,.000,.571,.683,3.4,1.3,0.7,0.3,0.9,1.0,6.1,Gabriel Deck,PF,6-8,232,February 8 1995,21.2,.478,.133,.577,.818,4.0,2.4,0.8,0.0,0.6,0.9,8.4,,,,,,,,,,,,,,,,,,,,,,,,,,,,,,,,,,,,,,,,,,,,,,,,,,,,,,,,,,,,,,,,,,,,,,,,,,,,,,,,,,,,,,,,,,,,,,,,,,,,,,,,,,,,,,,,,,,,,,,,,,,,,,,,,,,,,,,,,,,,,,,,,,,,,,,,,,,,,,,,,,,,,,,,,,,,,,,,,,,,,,,,,,,,,,,,,,,,,,,,,,,,,,,,,,,,,,,,,,,,,,,,
Houston Rockets,17,55,108.8,Jae'Sean Tate,SF,6-4,230,October 28 1995,29.2,.506,.308,.595,.694,5.3,2.5,1.2,0.5,1.4,3.2,11.3,Sterling Brown,SG,6-5,219,February 10 1995,24.1,.448,.423,.492,.806,4.4,1.4,0.7,0.2,0.8,1.9,8.2,Kenyon Martin Jr.,SF,6-6,215,January 6 2001,23.7,.509,.365,.572,.714,5.4,1.1,0.7,0.9,0.8,2.0,9.3,Christian Wood,C,6-10,214,September 27 1995,32.3,.514,.374,.581,.631,9.6,1.7,0.8,1.2,2.0,2.1,21.0,John Wall,PG,6-3,210,September 6 1990,32.2,.404,.317,.449,.749,3.2,6.9,1.1,0.8,3.5,1.2,20.6,Danuel House,SF,6-6,220,June 7 1993,25.9,.404,.346,.483,.651,3.7,1.9,0.6,0.4,1.0,1.9,8.8,David Nwaba,SF,6-5,219,January 14 1993,22.6,.486,.270,.574,.691,3.9,1.0,1.0,0.7,0.6,2.0,9.2,Kelly Olynyk,PF,6-11,240,April 19 1991,28.5,.484,.342,.641,.829,7.0,2.9,1.1,0.6,1.8,3.0,13.5,Eric Gordon,SG,6-3,215,December 25 1988,29.2,.433,.329,.573,.825,2.1,2.6,0.5,0.5,1.9,1.6,17.8,Kevin Porter Jr.,SG,6-4,203,May 4 2000,32.1,.425,.311,.515,.734,3.8,6.3,0.7,0.3,3.5,2.3,16.6,Anthony Lamb,SF,6-6,227,January 20 1998,17.3,.390,.324,.489,.857,2.9,1.0,0.3,0.2,0.8,1.4,5.5,D.J. Wilson,PF,6-10,231,February 19 1996,12.4,.405,.345,.469,.680,3.2,0.7,0.3,0.5,0.6,1.3,5.2,Armoni Brooks,SG,6-3,195,June 5 1998,26.0,.406,.382,.514,.583,3.4,1.5,0.6,0.3,1.1,1.7,11.2,D.J. Augustin,PG,5-11,183,November 10 1987,19.8,.394,.382,.413,.904,1.6,3.3,0.5,0.0,1.1,1.0,7.7,Avery Bradley,SG,6-3,180,November 26 1990,22.3,.374,.327,.443,.800,2.1,1.7,0.8,0.1,1.0,2.0,6.4,Khyri Thomas,SG,6-3,210,May 8 1996,30.6,.485,.333,.590,1.000,3.6,5.0,1.8,1.2,1.2,1.6,16.4,Dante Exum,G,6-5,214,July 13 1995,19.3,.385,.182,.533,.500,2.8,2.2,0.7,0.3,1.2,1.5,3.8,,,,,,,,,,,,,,,,,,,,,,,,,,,,,,,,,,,,,,,,,,,,,,,,,,,,,,,,,,,,,,,,,,,,,,,,,,,,,,,,,,,,,,,,,,,,,,,,,,,,,,,,,,,,,,,,,,,,,,,,,,,,,,,,,,,,,,,,,,,,,,,,,,,,,,,,,,,,,,,,,,,,,,,,,,,,,,,,,,,,,,,,,,,,,,,,,,,,,,,,,,,,,,,
